country,group,cases
AD,f0-14,0.0
AE,f0-14,4.0
AF,f0-14,3500.0
AG,f0-14,0.0
AI,f0-14,0.0
AL,f0-14,27.0
AM,f0-14,50.0
AO,f0-14,5200.0
AR,f0-14,660.0
AS,f0-14,0.0
AT,f0-14,30.0
AU,f0-14,86.0
AW,f0-14,1.0
AZ,f0-14,360.0
BA,f0-14,45.0
BB,f0-14,0.0
BD,f0-14,17000.0
BE,f0-14,53.0
BF,f0-14,520.0
BG,f0-14,81.0
BH,f0-14,9.0
BI,f0-14,740.0
BJ,f0-14,390.0
BM,f0-14,0.0
BN,f0-14,14.0
BO,f0-14,650.0
BQ,f0-14,0.0
BR,f0-14,5200.0
BS,f0-14,3.0
BT,f0-14,50.0
BW,f0-14,420.0
BY,f0-14,190.0
BZ,f0-14,8.0
CA,f0-14,69.0
CD,f0-14,16000.0
CF,f0-14,1300.0
CG,f0-14,1300.0
CH,f0-14,29.0
CI,f0-14,2100.0
CK,f0-14,0.0
CL,f0-14,150.0
CM,f0-14,2900.0
CN,f0-14,47000.0
CO,f0-14,920.0
CR,f0-14,27.0
CU,f0-14,47.0
CV,f0-14,43.0
CW,f0-14,1.0
CY,f0-14,3.0
CZ,f0-14,27.0
DE,f0-14,230.0
DJ,f0-14,140.0
DK,f0-14,14.0
DM,f0-14,0.0
DO,f0-14,270.0
DZ,f0-14,1900.0
EC,f0-14,400.0
EE,f0-14,9.0
EG,f0-14,630.0
ER,f0-14,210.0
ES,f0-14,210.0
ET,f0-14,9500.0
FI,f0-14,13.0
FJ,f0-14,23.0
FM,f0-14,9.0
FR,f0-14,210.0
GA,f0-14,700.0
GB,f0-14,320.0
GD,f0-14,0.0
GE,f0-14,180.0
GH,f0-14,1000.0
GL,f0-14,3.0
GM,f0-14,210.0
GN,f0-14,1200.0
GQ,f0-14,130.0
GR,f0-14,21.0
GT,f0-14,520.0
GU,f0-14,5.0
GW,f0-14,440.0
GY,f0-14,39.0
HK,f0-14,260.0
HN,f0-14,210.0
HR,f0-14,20.0
HT,f0-14,1000.0
HU,f0-14,34.0
ID,f0-14,23000.0
IE,f0-14,16.0
IL,f0-14,13.0
IN,f0-14,107000.0
IQ,f0-14,860.0
IR,f0-14,640.0
IS,f0-14,1.0
IT,f0-14,140.0
JM,f0-14,8.0
JO,f0-14,35.0
JP,f0-14,790.0
KE,f0-14,9900.0
KG,f0-14,440.0
KH,f0-14,3100.0
KI,f0-14,24.0
KM,f0-14,16.0
KN,f0-14,0.0
KP,f0-14,6200.0
KR,f0-14,1200.0
KW,f0-14,61.0
KY,f0-14,0.0
KZ,f0-14,570.0
LA,f0-14,740.0
LB,f0-14,38.0
LC,f0-14,1.0
LK,f0-14,680.0
LR,f0-14,910.0
LS,f0-14,1000.0
LT,f0-14,75.0
LU,f0-14,2.0
LV,f0-14,29.0
LY,f0-14,120.0
MA,f0-14,2000.0
MC,f0-14,0.0
MD,f0-14,180.0
ME,f0-14,4.0
MG,f0-14,3700.0
MH,f0-14,13.0
MK,f0-14,13.0
ML,f0-14,520.0
MM,f0-14,11000.0
MN,f0-14,410.0
MO,f0-14,22.0
MP,f0-14,2.0
MR,f0-14,230.0
MS,f0-14,0.0
MT,f0-14,2.0
MU,f0-14,9.0
MV,f0-14,8.0
MW,f0-14,880.0
MX,f0-14,1600.0
MY,f0-14,2000.0
MZ,f0-14,11000.0
NC,f0-14,2.0
NE,f0-14,1100.0
NG,f0-14,27000.0
NI,f0-14,140.0
NL,f0-14,42.0
NO,f0-14,13.0
NP,f0-14,2300.0
NR,f0-14,1.0
NU,f0-14,0.0
NZ,f0-14,18.0
OM,f0-14,17.0
PA,f0-14,110.0
PE,f0-14,2200.0
PF,f0-14,3.0
PG,f0-14,1800.0
PH,f0-14,34000.0
PK,f0-14,27000.0
PL,f0-14,290.0
PR,f0-14,3.0
PS,f0-14,3.0
PT,f0-14,100.0
PW,f0-14,1.0
PY,f0-14,200.0
QA,f0-14,37.0
RO,f0-14,790.0
RS,f0-14,72.0
RU,f0-14,1400.0
RW,f0-14,420.0
SA,f0-14,160.0
SB,f0-14,24.0
SC,f0-14,1.0
SD,f0-14,2100.0
SE,f0-14,26.0
SG,f0-14,120.0
SI,f0-14,6.0
SK,f0-14,12.0
SL,f0-14,1200.0
SM,f0-14,0.0
SN,f0-14,1100.0
SO,f0-14,2500.0
SR,f0-14,9.0
SS,f0-14,1000.0
ST,f0-14,14.0
SV,f0-14,260.0
SX,f0-14,0.0
SY,f0-14,180.0
SZ,f0-14,370.0
TC,f0-14,0.0
TD,f0-14,1400.0
TG,f0-14,180.0
TH,f0-14,4100.0
TJ,f0-14,400.0
TK,f0-14,0.0
TL,f0-14,380.0
TM,f0-14,130.0
TN,f0-14,170.0
TO,f0-14,1.0
TR,f0-14,690.0
TT,f0-14,13.0
TV,f0-14,1.0
TZ,f0-14,4100.0
UA,f0-14,1600.0
UG,f0-14,4200.0
US,f0-14,420.0
UY,f0-14,62.0
UZ,f0-14,1200.0
VC,f0-14,0.0
VE,f0-14,840.0
VG,f0-14,0.0
VN,f0-14,6600.0
VU,f0-14,7.0
WF,f0-14,0.0
WS,f0-14,2.0
YE,f0-14,710.0
ZA,f0-14,18000.0
ZM,f0-14,3600.0
ZW,f0-14,2600.0
,f0-14,880.0
AD,f0-4,
AE,f0-4,
AF,f0-4,1800.0
AG,f0-4,
AI,f0-4,
AL,f0-4,
AM,f0-4,
AO,f0-4,2800.0
AR,f0-4,270.0
AS,f0-4,
AT,f0-4,
AU,f0-4,35.0
AW,f0-4,
AZ,f0-4,190.0
BA,f0-4,
BB,f0-4,
BD,f0-4,8000.0
BE,f0-4,
BF,f0-4,280.0
BG,f0-4,41.0
BH,f0-4,
BI,f0-4,420.0
BJ,f0-4,210.0
BM,f0-4,
BN,f0-4,
BO,f0-4,330.0
BQ,f0-4,
BR,f0-4,1800.0
BS,f0-4,
BT,f0-4,
BW,f0-4,210.0
BY,f0-4,99.0
BZ,f0-4,
CA,f0-4,37.0
CD,f0-4,8500.0
CF,f0-4,680.0
CG,f0-4,710.0
CH,f0-4,
CI,f0-4,1100.0
CK,f0-4,
CL,f0-4,75.0
CM,f0-4,1600.0
CN,f0-4,24000.0
CO,f0-4,450.0
CR,f0-4,
CU,f0-4,
CV,f0-4,
CW,f0-4,
CY,f0-4,
CZ,f0-4,
DE,f0-4,120.0
DJ,f0-4,
DK,f0-4,
DM,f0-4,
DO,f0-4,120.0
DZ,f0-4,1000.0
EC,f0-4,200.0
EE,f0-4,
EG,f0-4,330.0
ER,f0-4,91.0
ES,f0-4,110.0
ET,f0-4,4900.0
FI,f0-4,
FJ,f0-4,
FM,f0-4,
FR,f0-4,96.0
GA,f0-4,380.0
GB,f0-4,130.0
GD,f0-4,
GE,f0-4,96.0
GH,f0-4,540.0
GL,f0-4,
GM,f0-4,120.0
GN,f0-4,640.0
GQ,f0-4,73.0
GR,f0-4,
GT,f0-4,250.0
GU,f0-4,
GW,f0-4,240.0
GY,f0-4,
HK,f0-4,130.0
HN,f0-4,70.0
HR,f0-4,
HT,f0-4,520.0
HU,f0-4,
ID,f0-4,9600.0
IE,f0-4,
IL,f0-4,
IN,f0-4,53000.0
IQ,f0-4,450.0
IR,f0-4,200.0
IS,f0-4,
IT,f0-4,67.0
JM,f0-4,
JO,f0-4,
JP,f0-4,360.0
KE,f0-4,5300.0
KG,f0-4,240.0
KH,f0-4,1600.0
KI,f0-4,
KM,f0-4,
KN,f0-4,
KP,f0-4,1100.0
KR,f0-4,560.0
KW,f0-4,
KY,f0-4,
KZ,f0-4,310.0
LA,f0-4,390.0
LB,f0-4,
LC,f0-4,
LK,f0-4,350.0
LR,f0-4,480.0
LS,f0-4,530.0
LT,f0-4,39.0
LU,f0-4,
LV,f0-4,
LY,f0-4,62.0
MA,f0-4,1000.0
MC,f0-4,
MD,f0-4,94.0
ME,f0-4,
MG,f0-4,2000.0
MH,f0-4,
MK,f0-4,
ML,f0-4,290.0
MM,f0-4,5500.0
MN,f0-4,130.0
MO,f0-4,
MP,f0-4,
MR,f0-4,120.0
MS,f0-4,
MT,f0-4,
MU,f0-4,
MV,f0-4,
MW,f0-4,480.0
MX,f0-4,520.0
MY,f0-4,710.0
MZ,f0-4,5700.0
NC,f0-4,
NE,f0-4,590.0
NG,f0-4,15000.0
NI,f0-4,71.0
NL,f0-4,
NO,f0-4,
NP,f0-4,1000.0
NR,f0-4,
NU,f0-4,
NZ,f0-4,
OM,f0-4,
PA,f0-4,69.0
PE,f0-4,1100.0
PF,f0-4,
PG,f0-4,940.0
PH,f0-4,17000.0
PK,f0-4,14000.0
PL,f0-4,150.0
PR,f0-4,
PS,f0-4,
PT,f0-4,60.0
PW,f0-4,
PY,f0-4,91.0
QA,f0-4,
RO,f0-4,280.0
RS,f0-4,33.0
RU,f0-4,520.0
RW,f0-4,230.0
SA,f0-4,82.0
SB,f0-4,
SC,f0-4,
SD,f0-4,1100.0
SE,f0-4,
SG,f0-4,60.0
SI,f0-4,
SK,f0-4,
SL,f0-4,630.0
SM,f0-4,
SN,f0-4,610.0
SO,f0-4,1400.0
SR,f0-4,
SS,f0-4,540.0
ST,f0-4,
SV,f0-4,130.0
SX,f0-4,
SY,f0-4,89.0
SZ,f0-4,170.0
TC,f0-4,
TD,f0-4,750.0
TG,f0-4,97.0
TH,f0-4,1900.0
TJ,f0-4,200.0
TK,f0-4,
TL,f0-4,200.0
TM,f0-4,67.0
TN,f0-4,89.0
TO,f0-4,
TR,f0-4,210.0
TT,f0-4,
TV,f0-4,
TZ,f0-4,2200.0
UA,f0-4,830.0
UG,f0-4,2300.0
US,f0-4,230.0
UY,f0-4,
UZ,f0-4,620.0
VC,f0-4,
VE,f0-4,380.0
VG,f0-4,
VN,f0-4,2000.0
VU,f0-4,
WF,f0-4,
WS,f0-4,
YE,f0-4,360.0
ZA,f0-4,9100.0
ZM,f0-4,2000.0
ZW,f0-4,1400.0
,f0-4,420.0
AD,f15-24,
AE,f15-24,
AF,f15-24,7100.0
AG,f15-24,
AI,f15-24,
AL,f15-24,
AM,f15-24,
AO,f15-24,6300.0
AR,f15-24,1200.0
AS,f15-24,
AT,f15-24,
AU,f15-24,130.0
AW,f15-24,
AZ,f15-24,520.0
BA,f15-24,
BB,f15-24,
BD,f15-24,20000.0
BE,f15-24,
BF,f15-24,600.0
BG,f15-24,52.0
BH,f15-24,
BI,f15-24,840.0
BJ,f15-24,400.0
BM,f15-24,
BN,f15-24,
BO,f15-24,940.0
BQ,f15-24,
BR,f15-24,4800.0
BS,f15-24,
BT,f15-24,
BW,f15-24,350.0
BY,f15-24,68.0
BZ,f15-24,
CA,f15-24,110.0
CD,f15-24,17000.0
CF,f15-24,1300.0
CG,f15-24,1100.0
CH,f15-24,
CI,f15-24,2200.0
CK,f15-24,
CL,f15-24,130.0
CM,f15-24,2800.0
CN,f15-24,38000.0
CO,f15-24,820.0
CR,f15-24,
CU,f15-24,
CV,f15-24,
CW,f15-24,
CY,f15-24,
CZ,f15-24,
DE,f15-24,380.0
DJ,f15-24,
DK,f15-24,
DM,f15-24,
DO,f15-24,290.0
DZ,f15-24,2800.0
EC,f15-24,380.0
EE,f15-24,
EG,f15-24,950.0
ER,f15-24,260.0
ES,f15-24,160.0
ET,f15-24,22000.0
FI,f15-24,
FJ,f15-24,
FM,f15-24,
FR,f15-24,220.0
GA,f15-24,550.0
GB,f15-24,310.0
GD,f15-24,
GE,f15-24,170.0
GH,f15-24,2700.0
GL,f15-24,
GM,f15-24,180.0
GN,f15-24,1700.0
GQ,f15-24,170.0
GR,f15-24,
GT,f15-24,270.0
GU,f15-24,
GW,f15-24,430.0
GY,f15-24,
HK,f15-24,120.0
HN,f15-24,210.0
HR,f15-24,
HT,f15-24,1900.0
HU,f15-24,
ID,f15-24,67000.0
IE,f15-24,
IL,f15-24,
IN,f15-24,214000.0
IQ,f15-24,1600.0
IR,f15-24,500.0
IS,f15-24,
IT,f15-24,170.0
JM,f15-24,
JO,f15-24,
JP,f15-24,330.0
KE,f15-24,9500.0
KG,f15-24,860.0
KH,f15-24,1500.0
KI,f15-24,
KM,f15-24,
KN,f15-24,
KP,f15-24,5200.0
KR,f15-24,850.0
KW,f15-24,
KY,f15-24,
KZ,f15-24,790.0
LA,f15-24,240.0
LB,f15-24,
LC,f15-24,
LK,f15-24,620.0
LR,f15-24,910.0
LS,f15-24,780.0
LT,f15-24,53.0
LU,f15-24,
LV,f15-24,
LY,f15-24,180.0
MA,f15-24,3500.0
MC,f15-24,
MD,f15-24,110.0
ME,f15-24,
MG,f15-24,4000.0
MH,f15-24,
MK,f15-24,
ML,f15-24,650.0
MM,f15-24,7900.0
MN,f15-24,1500.0
MO,f15-24,
MP,f15-24,
MR,f15-24,270.0
MS,f15-24,
MT,f15-24,
MU,f15-24,
MV,f15-24,
MW,f15-24,1100.0
MX,f15-24,1500.0
MY,f15-24,1900.0
MZ,f15-24,9700.0
NC,f15-24,
NE,f15-24,1400.0
NG,f15-24,23000.0
NI,f15-24,200.0
NL,f15-24,
NO,f15-24,
NP,f15-24,3200.0
NR,f15-24,
NU,f15-24,
NZ,f15-24,
OM,f15-24,
PA,f15-24,140.0
PE,f15-24,3100.0
PF,f15-24,
PG,f15-24,1500.0
PH,f15-24,26000.0
PK,f15-24,45000.0
PL,f15-24,100.0
PR,f15-24,
PS,f15-24,
PT,f15-24,90.0
PW,f15-24,
PY,f15-24,180.0
QA,f15-24,
RO,f15-24,680.0
RS,f15-24,100.0
RU,f15-24,2300.0
RW,f15-24,380.0
SA,f15-24,200.0
SB,f15-24,
SC,f15-24,
SD,f15-24,1100.0
SE,f15-24,
SG,f15-24,97.0
SI,f15-24,
SK,f15-24,
SL,f15-24,3000.0
SM,f15-24,
SN,f15-24,1200.0
SO,f15-24,2500.0
SR,f15-24,
SS,f15-24,1100.0
ST,f15-24,
SV,f15-24,120.0
SX,f15-24,
SY,f15-24,370.0
SZ,f15-24,260.0
TC,f15-24,
TD,f15-24,1700.0
TG,f15-24,200.0
TH,f15-24,3600.0
TJ,f15-24,810.0
TK,f15-24,
TL,f15-24,500.0
TM,f15-24,190.0
TN,f15-24,290.0
TO,f15-24,
TR,f15-24,890.0
TT,f15-24,
TV,f15-24,
TZ,f15-24,3800.0
UA,f15-24,1100.0
UG,f15-24,4200.0
US,f15-24,390.0
UY,f15-24,
UZ,f15-24,1200.0
VC,f15-24,
VE,f15-24,770.0
VG,f15-24,
VN,f15-24,4000.0
VU,f15-24,
WF,f15-24,
WS,f15-24,
YE,f15-24,1500.0
ZA,f15-24,18000.0
ZM,f15-24,3500.0
ZW,f15-24,1900.0
,f15-24,700.0
AD,f25-34,
AE,f25-34,
AF,f25-34,6300.0
AG,f25-34,
AI,f25-34,
AL,f25-34,
AM,f25-34,
AO,f25-34,8400.0
AR,f25-34,1100.0
AS,f25-34,
AT,f25-34,
AU,f25-34,220.0
AW,f25-34,
AZ,f25-34,540.0
BA,f25-34,
BB,f25-34,
BD,f25-34,23000.0
BE,f25-34,
BF,f25-34,760.0
BG,f25-34,78.0
BH,f25-34,
BI,f25-34,1000.0
BJ,f25-34,450.0
BM,f25-34,
BN,f25-34,
BO,f25-34,900.0
BQ,f25-34,
BR,f25-34,5200.0
BS,f25-34,
BT,f25-34,
BW,f25-34,520.0
BY,f25-34,170.0
BZ,f25-34,
CA,f25-34,210.0
CD,f25-34,19000.0
CF,f25-34,1500.0
CG,f25-34,1300.0
CH,f25-34,
CI,f25-34,2800.0
CK,f25-34,
CL,f25-34,190.0
CM,f25-34,3700.0
CN,f25-34,42000.0
CO,f25-34,1000.0
CR,f25-34,
CU,f25-34,
CV,f25-34,
CW,f25-34,
CY,f25-34,
CZ,f25-34,
DE,f25-34,420.0
DJ,f25-34,
DK,f25-34,
DM,f25-34,
DO,f25-34,330.0
DZ,f25-34,2300.0
EC,f25-34,380.0
EE,f25-34,
EG,f25-34,1200.0
ER,f25-34,270.0
ES,f25-34,300.0
ET,f25-34,16000.0
FI,f25-34,
FJ,f25-34,
FM,f25-34,
FR,f25-34,350.0
GA,f25-34,760.0
GB,f25-34,530.0
GD,f25-34,
GE,f25-34,270.0
GH,f25-34,3500.0
GL,f25-34,
GM,f25-34,170.0
GN,f25-34,2000.0
GQ,f25-34,260.0
GR,f25-34,
GT,f25-34,290.0
GU,f25-34,
GW,f25-34,540.0
GY,f25-34,
HK,f25-34,260.0
HN,f25-34,220.0
HR,f25-34,
HT,f25-34,2100.0
HU,f25-34,
ID,f25-34,66000.0
IE,f25-34,
IL,f25-34,
IN,f25-34,187000.0
IQ,f25-34,1300.0
IR,f25-34,660.0
IS,f25-34,
IT,f25-34,300.0
JM,f25-34,
JO,f25-34,
JP,f25-34,560.0
KE,f25-34,13000.0
KG,f25-34,790.0
KH,f25-34,2700.0
KI,f25-34,
KM,f25-34,
KN,f25-34,
KP,f25-34,8900.0
KR,f25-34,1400.0
KW,f25-34,
KY,f25-34,
KZ,f25-34,1100.0
LA,f25-34,490.0
LB,f25-34,
LC,f25-34,
LK,f25-34,650.0
LR,f25-34,1000.0
LS,f25-34,1100.0
LT,f25-34,59.0
LU,f25-34,
LV,f25-34,
LY,f25-34,190.0
MA,f25-34,3000.0
MC,f25-34,
MD,f25-34,250.0
ME,f25-34,
MG,f25-34,4100.0
MH,f25-34,
MK,f25-34,
ML,f25-34,800.0
MM,f25-34,10000.0
MN,f25-34,1700.0
MO,f25-34,
MP,f25-34,
MR,f25-34,310.0
MS,f25-34,
MT,f25-34,
MU,f25-34,
MV,f25-34,
MW,f25-34,2400.0
MX,f25-34,1600.0
MY,f25-34,2000.0
MZ,f25-34,11000.0
NC,f25-34,
NE,f25-34,1400.0
NG,f25-34,29000.0
NI,f25-34,230.0
NL,f25-34,
NO,f25-34,
NP,f25-34,3000.0
NR,f25-34,
NU,f25-34,
NZ,f25-34,
OM,f25-34,
PA,f25-34,130.0
PE,f25-34,3000.0
PF,f25-34,
PG,f25-34,1900.0
PH,f25-34,25000.0
PK,f25-34,36000.0
PL,f25-34,180.0
PR,f25-34,
PS,f25-34,
PT,f25-34,100.0
PW,f25-34,
PY,f25-34,170.0
QA,f25-34,
RO,f25-34,750.0
RS,f25-34,98.0
RU,f25-34,7400.0
RW,f25-34,580.0
SA,f25-34,280.0
SB,f25-34,
SC,f25-34,
SD,f25-34,2500.0
SE,f25-34,
SG,f25-34,280.0
SI,f25-34,
SK,f25-34,
SL,f25-34,1600.0
SM,f25-34,
SN,f25-34,1400.0
SO,f25-34,2500.0
SR,f25-34,
SS,f25-34,1300.0
ST,f25-34,
SV,f25-34,110.0
SX,f25-34,
SY,f25-34,260.0
SZ,f25-34,580.0
TC,f25-34,
TD,f25-34,1800.0
TG,f25-34,240.0
TH,f25-34,4700.0
TJ,f25-34,760.0
TK,f25-34,
TL,f25-34,450.0
TM,f25-34,280.0
TN,f25-34,410.0
TO,f25-34,
TR,f25-34,980.0
TT,f25-34,
TV,f25-34,
TZ,f25-34,12000.0
UA,f25-34,2700.0
UG,f25-34,5600.0
US,f25-34,700.0
UY,f25-34,
UZ,f25-34,2000.0
VC,f25-34,
VE,f25-34,950.0
VG,f25-34,
VN,f25-34,6500.0
VU,f25-34,
WF,f25-34,
WS,f25-34,
YE,f25-34,1500.0
ZA,f25-34,31000.0
ZM,f25-34,5400.0
ZW,f25-34,3300.0
,f25-34,1100.0
AD,f35-44,
AE,f35-44,
AF,f35-44,5400.0
AG,f35-44,
AI,f35-44,
AL,f35-44,
AM,f35-44,
AO,f35-44,7900.0
AR,f35-44,670.0
AS,f35-44,
AT,f35-44,
AU,f35-44,120.0
AW,f35-44,
AZ,f35-44,250.0
BA,f35-44,
BB,f35-44,
BD,f35-44,24000.0
BE,f35-44,
BF,f35-44,640.0
BG,f35-44,91.0
BH,f35-44,
BI,f35-44,790.0
BJ,f35-44,410.0
BM,f35-44,
BN,f35-44,
BO,f35-44,630.0
BQ,f35-44,
BR,f35-44,4400.0
BS,f35-44,
BT,f35-44,
BW,f35-44,490.0
BY,f35-44,160.0
BZ,f35-44,
CA,f35-44,130.0
CD,f35-44,17000.0
CF,f35-44,1200.0
CG,f35-44,1500.0
CH,f35-44,
CI,f35-44,2700.0
CK,f35-44,
CL,f35-44,130.0
CM,f35-44,3200.0
CN,f35-44,30000.0
CO,f35-44,760.0
CR,f35-44,
CU,f35-44,
CV,f35-44,
CW,f35-44,
CY,f35-44,
CZ,f35-44,
DE,f35-44,210.0
DJ,f35-44,
DK,f35-44,
DM,f35-44,
DO,f35-44,290.0
DZ,f35-44,1500.0
EC,f35-44,310.0
EE,f35-44,
EG,f35-44,650.0
ER,f35-44,270.0
ES,f35-44,330.0
ET,f35-44,11000.0
FI,f35-44,
FJ,f35-44,
FM,f35-44,
FR,f35-44,250.0
GA,f35-44,790.0
GB,f35-44,440.0
GD,f35-44,
GE,f35-44,180.0
GH,f35-44,3700.0
GL,f35-44,
GM,f35-44,210.0
GN,f35-44,1600.0
GQ,f35-44,180.0
GR,f35-44,
GT,f35-44,240.0
GU,f35-44,
GW,f35-44,500.0
GY,f35-44,
HK,f35-44,270.0
HN,f35-44,190.0
HR,f35-44,
HT,f35-44,1200.0
HU,f35-44,
ID,f35-44,60000.0
IE,f35-44,
IL,f35-44,
IN,f35-44,145000.0
IQ,f35-44,1200.0
IR,f35-44,510.0
IS,f35-44,
IT,f35-44,230.0
JM,f35-44,
JO,f35-44,
JP,f35-44,470.0
KE,f35-44,8900.0
KG,f35-44,450.0
KH,f35-44,2800.0
KI,f35-44,
KM,f35-44,
KN,f35-44,
KP,f35-44,11000.0
KR,f35-44,1400.0
KW,f35-44,
KY,f35-44,
KZ,f35-44,730.0
LA,f35-44,550.0
LB,f35-44,
LC,f35-44,
LK,f35-44,600.0
LR,f35-44,1000.0
LS,f35-44,900.0
LT,f35-44,72.0
LU,f35-44,
LV,f35-44,
LY,f35-44,170.0
MA,f35-44,1900.0
MC,f35-44,
MD,f35-44,210.0
ME,f35-44,
MG,f35-44,4200.0
MH,f35-44,
MK,f35-44,
ML,f35-44,710.0
MM,f35-44,10000.0
MN,f35-44,830.0
MO,f35-44,
MP,f35-44,
MR,f35-44,280.0
MS,f35-44,
MT,f35-44,
MU,f35-44,
MV,f35-44,
MW,f35-44,2400.0
MX,f35-44,1400.0
MY,f35-44,1400.0
MZ,f35-44,11000.0
NC,f35-44,
NE,f35-44,1300.0
NG,f35-44,28000.0
NI,f35-44,150.0
NL,f35-44,
NO,f35-44,
NP,f35-44,1900.0
NR,f35-44,
NU,f35-44,
NZ,f35-44,
OM,f35-44,
PA,f35-44,100.0
PE,f35-44,2000.0
PF,f35-44,
PG,f35-44,1900.0
PH,f35-44,24000.0
PK,f35-44,34000.0
PL,f35-44,250.0
PR,f35-44,
PS,f35-44,
PT,f35-44,100.0
PW,f35-44,
PY,f35-44,120.0
QA,f35-44,
RO,f35-44,640.0
RS,f35-44,74.0
RU,f35-44,6500.0
RW,f35-44,370.0
SA,f35-44,120.0
SB,f35-44,
SC,f35-44,
SD,f35-44,2200.0
SE,f35-44,
SG,f35-44,180.0
SI,f35-44,
SK,f35-44,
SL,f35-44,1400.0
SM,f35-44,
SN,f35-44,1400.0
SO,f35-44,2900.0
SR,f35-44,
SS,f35-44,1300.0
ST,f35-44,
SV,f35-44,130.0
SX,f35-44,
SY,f35-44,210.0
SZ,f35-44,330.0
TC,f35-44,
TD,f35-44,1300.0
TG,f35-44,200.0
TH,f35-44,5100.0
TJ,f35-44,430.0
TK,f35-44,
TL,f35-44,290.0
TM,f35-44,140.0
TN,f35-44,300.0
TO,f35-44,
TR,f35-44,740.0
TT,f35-44,
TV,f35-44,
TZ,f35-44,12000.0
UA,f35-44,2500.0
UG,f35-44,4300.0
US,f35-44,530.0
UY,f35-44,
UZ,f35-44,1400.0
VC,f35-44,
VE,f35-44,650.0
VG,f35-44,
VN,f35-44,4300.0
VU,f35-44,
WF,f35-44,
WS,f35-44,
YE,f35-44,1100.0
ZA,f35-44,25000.0
ZM,f35-44,5000.0
ZW,f35-44,3300.0
,f35-44,800.0
AD,f45-54,
AE,f45-54,
AF,f45-54,4600.0
AG,f45-54,
AI,f45-54,
AL,f45-54,
AM,f45-54,
AO,f45-54,4900.0
AR,f45-54,510.0
AS,f45-54,
AT,f45-54,
AU,f45-54,69.0
AW,f45-54,
AZ,f45-54,260.0
BA,f45-54,
BB,f45-54,
BD,f45-54,21000.0
BE,f45-54,
BF,f45-54,440.0
BG,f45-54,71.0
BH,f45-54,
BI,f45-54,560.0
BJ,f45-54,330.0
BM,f45-54,
BN,f45-54,
BO,f45-54,500.0
BQ,f45-54,
BR,f45-54,3800.0
BS,f45-54,
BT,f45-54,
BW,f45-54,310.0
BY,f45-54,120.0
BZ,f45-54,
CA,f45-54,93.0
CD,f45-54,12000.0
CF,f45-54,770.0
CG,f45-54,970.0
CH,f45-54,
CI,f45-54,1600.0
CK,f45-54,
CL,f45-54,150.0
CM,f45-54,1900.0
CN,f45-54,40000.0
CO,f45-54,660.0
CR,f45-54,
CU,f45-54,
CV,f45-54,
CW,f45-54,
CY,f45-54,
CZ,f45-54,
DE,f45-54,190.0
DJ,f45-54,
DK,f45-54,
DM,f45-54,
DO,f45-54,240.0
DZ,f45-54,910.0
EC,f45-54,260.0
EE,f45-54,
EG,f45-54,660.0
ER,f45-54,230.0
ES,f45-54,240.0
ET,f45-54,9000.0
FI,f45-54,
FJ,f45-54,
FM,f45-54,
FR,f45-54,180.0
GA,f45-54,520.0
GB,f45-54,310.0
GD,f45-54,
GE,f45-54,130.0
GH,f45-54,2900.0
GL,f45-54,
GM,f45-54,130.0
GN,f45-54,1100.0
GQ,f45-54,110.0
GR,f45-54,
GT,f45-54,230.0
GU,f45-54,
GW,f45-54,290.0
GY,f45-54,
HK,f45-54,230.0
HN,f45-54,160.0
HR,f45-54,
HT,f45-54,940.0
HU,f45-54,
ID,f45-54,59000.0
IE,f45-54,
IL,f45-54,
IN,f45-54,121000.0
IQ,f45-54,1100.0
IR,f45-54,540.0
IS,f45-54,
IT,f45-54,170.0
JM,f45-54,
JO,f45-54,
JP,f45-54,420.0
KE,f45-54,5500.0
KG,f45-54,380.0
KH,f45-54,3200.0
KI,f45-54,
KM,f45-54,
KN,f45-54,
KP,f45-54,10000.0
KR,f45-54,1600.0
KW,f45-54,
KY,f45-54,
KZ,f45-54,550.0
LA,f45-54,520.0
LB,f45-54,
LC,f45-54,
LK,f45-54,660.0
LR,f45-54,720.0
LS,f45-54,620.0
LT,f45-54,64.0
LU,f45-54,
LV,f45-54,
LY,f45-54,150.0
MA,f45-54,1500.0
MC,f45-54,
MD,f45-54,140.0
ME,f45-54,
MG,f45-54,3000.0
MH,f45-54,
MK,f45-54,
ML,f45-54,450.0
MM,f45-54,10000.0
MN,f45-54,590.0
MO,f45-54,
MP,f45-54,
MR,f45-54,210.0
MS,f45-54,
MT,f45-54,
MU,f45-54,
MV,f45-54,
MW,f45-54,1100.0
MX,f45-54,1700.0
MY,f45-54,1300.0
MZ,f45-54,7200.0
NC,f45-54,
NE,f45-54,910.0
NG,f45-54,19000.0
NI,f45-54,160.0
NL,f45-54,
NO,f45-54,
NP,f45-54,1900.0
NR,f45-54,
NU,f45-54,
NZ,f45-54,
OM,f45-54,
PA,f45-54,97.0
PE,f45-54,1700.0
PF,f45-54,
PG,f45-54,1700.0
PH,f45-54,27000.0
PK,f45-54,30000.0
PL,f45-54,230.0
PR,f45-54,
PS,f45-54,
PT,f45-54,94.0
PW,f45-54,
PY,f45-54,86.0
QA,f45-54,
RO,f45-54,500.0
RS,f45-54,76.0
RU,f45-54,3200.0
RW,f45-54,230.0
SA,f45-54,83.0
SB,f45-54,
SC,f45-54,
SD,f45-54,1800.0
SE,f45-54,
SG,f45-54,110.0
SI,f45-54,
SK,f45-54,
SL,f45-54,930.0
SM,f45-54,
SN,f45-54,950.0
SO,f45-54,2200.0
SR,f45-54,
SS,f45-54,910.0
ST,f45-54,
SV,f45-54,140.0
SX,f45-54,
SY,f45-54,150.0
SZ,f45-54,150.0
TC,f45-54,
TD,f45-54,960.0
TG,f45-54,140.0
TH,f45-54,5600.0
TJ,f45-54,350.0
TK,f45-54,
TL,f45-54,300.0
TM,f45-54,120.0
TN,f45-54,330.0
TO,f45-54,
TR,f45-54,730.0
TT,f45-54,
TV,f45-54,
TZ,f45-54,6000.0
UA,f45-54,1600.0
UG,f45-54,2700.0
US,f45-54,470.0
UY,f45-54,
UZ,f45-54,1500.0
VC,f45-54,
VE,f45-54,480.0
VG,f45-54,
VN,f45-54,4200.0
VU,f45-54,
WF,f45-54,
WS,f45-54,
YE,f45-54,890.0
ZA,f45-54,17000.0
ZM,f45-54,2700.0
ZW,f45-54,1600.0
,f45-54,460.0
AD,f5-14,
AE,f5-14,
AF,f5-14,1800.0
AG,f5-14,
AI,f5-14,
AL,f5-14,
AM,f5-14,
AO,f5-14,2300.0
AR,f5-14,380.0
AS,f5-14,
AT,f5-14,
AU,f5-14,51.0
AW,f5-14,
AZ,f5-14,170.0
BA,f5-14,
BB,f5-14,
BD,f5-14,8600.0
BE,f5-14,
BF,f5-14,240.0
BG,f5-14,41.0
BH,f5-14,
BI,f5-14,320.0
BJ,f5-14,180.0
BM,f5-14,
BN,f5-14,
BO,f5-14,320.0
BQ,f5-14,
BR,f5-14,3400.0
BS,f5-14,
BT,f5-14,
BW,f5-14,210.0
BY,f5-14,94.0
BZ,f5-14,
CA,f5-14,32.0
CD,f5-14,7100.0
CF,f5-14,600.0
CG,f5-14,600.0
CH,f5-14,
CI,f5-14,960.0
CK,f5-14,
CL,f5-14,77.0
CM,f5-14,1400.0
CN,f5-14,23000.0
CO,f5-14,480.0
CR,f5-14,
CU,f5-14,
CV,f5-14,
CW,f5-14,
CY,f5-14,
CZ,f5-14,
DE,f5-14,100.0
DJ,f5-14,
DK,f5-14,
DM,f5-14,
DO,f5-14,150.0
DZ,f5-14,870.0
EC,f5-14,200.0
EE,f5-14,
EG,f5-14,300.0
ER,f5-14,120.0
ES,f5-14,110.0
ET,f5-14,4600.0
FI,f5-14,
FJ,f5-14,
FM,f5-14,
FR,f5-14,110.0
GA,f5-14,320.0
GB,f5-14,190.0
GD,f5-14,
GE,f5-14,85.0
GH,f5-14,490.0
GL,f5-14,
GM,f5-14,95.0
GN,f5-14,550.0
GQ,f5-14,60.0
GR,f5-14,
GT,f5-14,270.0
GU,f5-14,
GW,f5-14,200.0
GY,f5-14,
HK,f5-14,130.0
HN,f5-14,140.0
HR,f5-14,
HT,f5-14,500.0
HU,f5-14,
ID,f5-14,13000.0
IE,f5-14,
IL,f5-14,
IN,f5-14,54000.0
IQ,f5-14,410.0
IR,f5-14,440.0
IS,f5-14,
IT,f5-14,78.0
JM,f5-14,
JO,f5-14,
JP,f5-14,430.0
KE,f5-14,4600.0
KG,f5-14,200.0
KH,f5-14,1500.0
KI,f5-14,
KM,f5-14,
KN,f5-14,
KP,f5-14,5100.0
KR,f5-14,600.0
KW,f5-14,
KY,f5-14,
KZ,f5-14,260.0
LA,f5-14,350.0
LB,f5-14,
LC,f5-14,
LK,f5-14,330.0
LR,f5-14,420.0
LS,f5-14,500.0
LT,f5-14,37.0
LU,f5-14,
LV,f5-14,
LY,f5-14,60.0
MA,f5-14,940.0
MC,f5-14,
MD,f5-14,86.0
ME,f5-14,
MG,f5-14,1700.0
MH,f5-14,
MK,f5-14,
ML,f5-14,230.0
MM,f5-14,5700.0
MN,f5-14,280.0
MO,f5-14,
MP,f5-14,
MR,f5-14,110.0
MS,f5-14,
MT,f5-14,
MU,f5-14,
MV,f5-14,
MW,f5-14,400.0
MX,f5-14,1000.0
MY,f5-14,1300.0
MZ,f5-14,5000.0
NC,f5-14,
NE,f5-14,460.0
NG,f5-14,12000.0
NI,f5-14,72.0
NL,f5-14,
NO,f5-14,
NP,f5-14,1200.0
NR,f5-14,
NU,f5-14,
NZ,f5-14,
OM,f5-14,
PA,f5-14,41.0
PE,f5-14,1100.0
PF,f5-14,
PG,f5-14,890.0
PH,f5-14,17000.0
PK,f5-14,13000.0
PL,f5-14,140.0
PR,f5-14,
PS,f5-14,
PT,f5-14,41.0
PW,f5-14,
PY,f5-14,100.0
QA,f5-14,
RO,f5-14,510.0
RS,f5-14,39.0
RU,f5-14,840.0
RW,f5-14,200.0
SA,f5-14,79.0
SB,f5-14,
SC,f5-14,
SD,f5-14,990.0
SE,f5-14,
SG,f5-14,63.0
SI,f5-14,
SK,f5-14,
SL,f5-14,560.0
SM,f5-14,
SN,f5-14,520.0
SO,f5-14,1100.0
SR,f5-14,
SS,f5-14,470.0
ST,f5-14,
SV,f5-14,130.0
SX,f5-14,
SY,f5-14,91.0
SZ,f5-14,200.0
TC,f5-14,
TD,f5-14,620.0
TG,f5-14,83.0
TH,f5-14,2200.0
TJ,f5-14,190.0
TK,f5-14,
TL,f5-14,180.0
TM,f5-14,67.0
TN,f5-14,83.0
TO,f5-14,
TR,f5-14,480.0
TT,f5-14,
TV,f5-14,
TZ,f5-14,1900.0
UA,f5-14,730.0
UG,f5-14,1900.0
US,f5-14,190.0
UY,f5-14,
UZ,f5-14,590.0
VC,f5-14,
VE,f5-14,460.0
VG,f5-14,
VN,f5-14,4600.0
VU,f5-14,
WF,f5-14,
WS,f5-14,
YE,f5-14,340.0
ZA,f5-14,8800.0
ZM,f5-14,1600.0
ZW,f5-14,1200.0
,f5-14,460.0
AD,f55-64,
AE,f55-64,
AF,f55-64,3900.0
AG,f55-64,
AI,f55-64,
AL,f55-64,
AM,f55-64,
AO,f55-64,4300.0
AR,f55-64,400.0
AS,f55-64,
AT,f55-64,
AU,f55-64,69.0
AW,f55-64,
AZ,f55-64,260.0
BA,f55-64,
BB,f55-64,
BD,f55-64,17000.0
BE,f55-64,
BF,f55-64,320.0
BG,f55-64,72.0
BH,f55-64,
BI,f55-64,450.0
BJ,f55-64,230.0
BM,f55-64,
BN,f55-64,
BO,f55-64,520.0
BQ,f55-64,
BR,f55-64,3000.0
BS,f55-64,
BT,f55-64,
BW,f55-64,280.0
BY,f55-64,100.0
BZ,f55-64,
CA,f55-64,81.0
CD,f55-64,9600.0
CF,f55-64,730.0
CG,f55-64,690.0
CH,f55-64,
CI,f55-64,1300.0
CK,f55-64,
CL,f55-64,150.0
CM,f55-64,1600.0
CN,f55-64,37000.0
CO,f55-64,720.0
CR,f55-64,
CU,f55-64,
CV,f55-64,
CW,f55-64,
CY,f55-64,
CZ,f55-64,
DE,f55-64,160.0
DJ,f55-64,
DK,f55-64,
DM,f55-64,
DO,f55-64,180.0
DZ,f55-64,780.0
EC,f55-64,210.0
EE,f55-64,
EG,f55-64,740.0
ER,f55-64,130.0
ES,f55-64,150.0
ET,f55-64,6100.0
FI,f55-64,
FJ,f55-64,
FM,f55-64,
FR,f55-64,170.0
GA,f55-64,330.0
GB,f55-64,230.0
GD,f55-64,
GE,f55-64,120.0
GH,f55-64,2200.0
GL,f55-64,
GM,f55-64,76.0
GN,f55-64,850.0
GQ,f55-64,83.0
GR,f55-64,
GT,f55-64,190.0
GU,f55-64,
GW,f55-64,230.0
GY,f55-64,
HK,f55-64,230.0
HN,f55-64,150.0
HR,f55-64,
HT,f55-64,800.0
HU,f55-64,
ID,f55-64,46000.0
IE,f55-64,
IL,f55-64,
IN,f55-64,98000.0
IQ,f55-64,1000.0
IR,f55-64,730.0
IS,f55-64,
IT,f55-64,110.0
JM,f55-64,
JO,f55-64,
JP,f55-64,450.0
KE,f55-64,3600.0
KG,f55-64,380.0
KH,f55-64,4000.0
KI,f55-64,
KM,f55-64,
KN,f55-64,
KP,f55-64,5200.0
KR,f55-64,1800.0
KW,f55-64,
KY,f55-64,
KZ,f55-64,410.0
LA,f55-64,520.0
LB,f55-64,
LC,f55-64,
LK,f55-64,780.0
LR,f55-64,520.0
LS,f55-64,620.0
LT,f55-64,46.0
LU,f55-64,
LV,f55-64,
LY,f55-64,120.0
MA,f55-64,1300.0
MC,f55-64,
MD,f55-64,120.0
ME,f55-64,
MG,f55-64,2400.0
MH,f55-64,
MK,f55-64,
ML,f55-64,340.0
MM,f55-64,9200.0
MN,f55-64,390.0
MO,f55-64,
MP,f55-64,
MR,f55-64,190.0
MS,f55-64,
MT,f55-64,
MU,f55-64,
MV,f55-64,
MW,f55-64,1100.0
MX,f55-64,1500.0
MY,f55-64,1300.0
MZ,f55-64,6200.0
NC,f55-64,
NE,f55-64,630.0
NG,f55-64,14000.0
NI,f55-64,130.0
NL,f55-64,
NO,f55-64,
NP,f55-64,1900.0
NR,f55-64,
NU,f55-64,
NZ,f55-64,
OM,f55-64,
PA,f55-64,88.0
PE,f55-64,1100.0
PF,f55-64,
PG,f55-64,1700.0
PH,f55-64,19000.0
PK,f55-64,24000.0
PL,f55-64,320.0
PR,f55-64,
PS,f55-64,
PT,f55-64,80.0
PW,f55-64,
PY,f55-64,72.0
QA,f55-64,
RO,f55-64,420.0
RS,f55-64,92.0
RU,f55-64,2700.0
RW,f55-64,190.0
SA,f55-64,89.0
SB,f55-64,
SC,f55-64,
SD,f55-64,1300.0
SE,f55-64,
SG,f55-64,98.0
SI,f55-64,
SK,f55-64,
SL,f55-64,670.0
SM,f55-64,
SN,f55-64,700.0
SO,f55-64,1600.0
SR,f55-64,
SS,f55-64,630.0
ST,f55-64,
SV,f55-64,120.0
SX,f55-64,
SY,f55-64,150.0
SZ,f55-64,77.0
TC,f55-64,
TD,f55-64,820.0
TG,f55-64,88.0
TH,f55-64,5300.0
TJ,f55-64,390.0
TK,f55-64,
TL,f55-64,310.0
TM,f55-64,100.0
TN,f55-64,240.0
TO,f55-64,
TR,f55-64,730.0
TT,f55-64,
TV,f55-64,
TZ,f55-64,5600.0
UA,f55-64,1200.0
UG,f55-64,1900.0
US,f55-64,540.0
UY,f55-64,
UZ,f55-64,1400.0
VC,f55-64,
VE,f55-64,400.0
VG,f55-64,
VN,f55-64,4500.0
VU,f55-64,
WF,f55-64,
WS,f55-64,
YE,f55-64,640.0
ZA,f55-64,13000.0
ZM,f55-64,1700.0
ZW,f55-64,1200.0
,f55-64,270.0
AD,m0-14,0.0
AE,m0-14,4.0
AF,m0-14,3900.0
AG,m0-14,0.0
AI,m0-14,0.0
AL,m0-14,29.0
AM,m0-14,54.0
AO,m0-14,5700.0
AR,m0-14,620.0
AS,m0-14,0.0
AT,m0-14,32.0
AU,m0-14,67.0
AW,m0-14,1.0
AZ,m0-14,400.0
BA,m0-14,49.0
BB,m0-14,0.0
BD,m0-14,18000.0
BE,m0-14,57.0
BF,m0-14,570.0
BG,m0-14,90.0
BH,m0-14,10.0
BI,m0-14,830.0
BJ,m0-14,430.0
BM,m0-14,0.0
BN,m0-14,15.0
BO,m0-14,720.0
BQ,m0-14,0.0
BR,m0-14,5700.0
BS,m0-14,4.0
BT,m0-14,56.0
BW,m0-14,470.0
BY,m0-14,210.0
BZ,m0-14,8.0
CA,m0-14,83.0
CD,m0-14,17000.0
CF,m0-14,1400.0
CG,m0-14,1500.0
CH,m0-14,31.0
CI,m0-14,2300.0
CK,m0-14,0.0
CL,m0-14,170.0
CM,m0-14,3200.0
CN,m0-14,52000.0
CO,m0-14,920.0
CR,m0-14,29.0
CU,m0-14,50.0
CV,m0-14,47.0
CW,m0-14,1.0
CY,m0-14,3.0
CZ,m0-14,29.0
DE,m0-14,250.0
DJ,m0-14,150.0
DK,m0-14,15.0
DM,m0-14,0.0
DO,m0-14,290.0
DZ,m0-14,2100.0
EC,m0-14,440.0
EE,m0-14,10.0
EG,m0-14,690.0
ER,m0-14,250.0
ES,m0-14,200.0
ET,m0-14,10000.0
FI,m0-14,14.0
FJ,m0-14,24.0
FM,m0-14,9.0
FR,m0-14,270.0
GA,m0-14,780.0
GB,m0-14,260.0
GD,m0-14,0.0
GE,m0-14,200.0
GH,m0-14,1100.0
GL,m0-14,3.0
GM,m0-14,230.0
GN,m0-14,1300.0
GQ,m0-14,150.0
GR,m0-14,23.0
GT,m0-14,490.0
GU,m0-14,5.0
GW,m0-14,490.0
GY,m0-14,41.0
HK,m0-14,280.0
HN,m0-14,230.0
HR,m0-14,22.0
HT,m0-14,1100.0
HU,m0-14,37.0
ID,m0-14,26000.0
IE,m0-14,18.0
IL,m0-14,14.0
IN,m0-14,117000.0
IQ,m0-14,950.0
IR,m0-14,660.0
IS,m0-14,1.0
IT,m0-14,190.0
JM,m0-14,9.0
JO,m0-14,39.0
JP,m0-14,1000.0
KE,m0-14,11000.0
KG,m0-14,490.0
KH,m0-14,3400.0
KI,m0-14,26.0
KM,m0-14,18.0
KN,m0-14,0.0
KP,m0-14,8400.0
KR,m0-14,1300.0
KW,m0-14,67.0
KY,m0-14,0.0
KZ,m0-14,630.0
LA,m0-14,820.0
LB,m0-14,42.0
LC,m0-14,1.0
LK,m0-14,750.0
LR,m0-14,1000.0
LS,m0-14,1100.0
LT,m0-14,83.0
LU,m0-14,2.0
LV,m0-14,32.0
LY,m0-14,130.0
MA,m0-14,2200.0
MC,m0-14,0.0
MD,m0-14,200.0
ME,m0-14,4.0
MG,m0-14,4100.0
MH,m0-14,14.0
MK,m0-14,14.0
ML,m0-14,580.0
MM,m0-14,12000.0
MN,m0-14,350.0
MO,m0-14,24.0
MP,m0-14,3.0
MR,m0-14,250.0
MS,m0-14,0.0
MT,m0-14,2.0
MU,m0-14,10.0
MV,m0-14,9.0
MW,m0-14,980.0
MX,m0-14,1500.0
MY,m0-14,1800.0
MZ,m0-14,12000.0
NC,m0-14,2.0
NE,m0-14,1200.0
NG,m0-14,30000.0
NI,m0-14,160.0
NL,m0-14,46.0
NO,m0-14,14.0
NP,m0-14,2500.0
NR,m0-14,1.0
NU,m0-14,0.0
NZ,m0-14,19.0
OM,m0-14,18.0
PA,m0-14,140.0
PE,m0-14,2500.0
PF,m0-14,3.0
PG,m0-14,2000.0
PH,m0-14,37000.0
PK,m0-14,30000.0
PL,m0-14,320.0
PR,m0-14,3.0
PS,m0-14,3.0
PT,m0-14,97.0
PW,m0-14,1.0
PY,m0-14,170.0
QA,m0-14,41.0
RO,m0-14,830.0
RS,m0-14,78.0
RU,m0-14,1200.0
RW,m0-14,470.0
SA,m0-14,180.0
SB,m0-14,25.0
SC,m0-14,1.0
SD,m0-14,2300.0
SE,m0-14,29.0
SG,m0-14,140.0
SI,m0-14,6.0
SK,m0-14,13.0
SL,m0-14,1300.0
SM,m0-14,0.0
SN,m0-14,1300.0
SO,m0-14,2700.0
SR,m0-14,10.0
SS,m0-14,1100.0
ST,m0-14,16.0
SV,m0-14,280.0
SX,m0-14,0.0
SY,m0-14,200.0
SZ,m0-14,420.0
TC,m0-14,0.0
TD,m0-14,1500.0
TG,m0-14,200.0
TH,m0-14,4400.0
TJ,m0-14,440.0
TK,m0-14,0.0
TL,m0-14,420.0
TM,m0-14,150.0
TN,m0-14,190.0
TO,m0-14,1.0
TR,m0-14,760.0
TT,m0-14,14.0
TV,m0-14,1.0
TZ,m0-14,4600.0
UA,m0-14,1700.0
UG,m0-14,4700.0
US,m0-14,440.0
UY,m0-14,65.0
UZ,m0-14,1300.0
VC,m0-14,0.0
VE,m0-14,930.0
VG,m0-14,0.0
VN,m0-14,8500.0
VU,m0-14,8.0
WF,m0-14,0.0
WS,m0-14,2.0
YE,m0-14,780.0
ZA,m0-14,20000.0
ZM,m0-14,4000.0
ZW,m0-14,2900.0
,m0-14,920.0
AD,m0-4,
AE,m0-4,
AF,m0-4,2200.0
AG,m0-4,
AI,m0-4,
AL,m0-4,
AM,m0-4,
AO,m0-4,3500.0
AR,m0-4,290.0
AS,m0-4,
AT,m0-4,
AU,m0-4,37.0
AW,m0-4,
AZ,m0-4,230.0
BA,m0-4,
BB,m0-4,
BD,m0-4,9800.0
BE,m0-4,
BF,m0-4,340.0
BG,m0-4,50.0
BH,m0-4,
BI,m0-4,520.0
BJ,m0-4,250.0
BM,m0-4,
BN,m0-4,
BO,m0-4,410.0
BQ,m0-4,
BR,m0-4,2500.0
BS,m0-4,
BT,m0-4,
BW,m0-4,260.0
BY,m0-4,120.0
BZ,m0-4,
CA,m0-4,46.0
CD,m0-4,10000.0
CF,m0-4,830.0
CG,m0-4,870.0
CH,m0-4,
CI,m0-4,1400.0
CK,m0-4,
CL,m0-4,92.0
CM,m0-4,1900.0
CN,m0-4,30000.0
CO,m0-4,490.0
CR,m0-4,
CU,m0-4,
CV,m0-4,
CW,m0-4,
CY,m0-4,
CZ,m0-4,
DE,m0-4,140.0
DJ,m0-4,
DK,m0-4,
DM,m0-4,
DO,m0-4,130.0
DZ,m0-4,1200.0
EC,m0-4,250.0
EE,m0-4,
EG,m0-4,400.0
ER,m0-4,110.0
ES,m0-4,100.0
ET,m0-4,6000.0
FI,m0-4,
FJ,m0-4,
FM,m0-4,
FR,m0-4,130.0
GA,m0-4,460.0
GB,m0-4,110.0
GD,m0-4,
GE,m0-4,120.0
GH,m0-4,660.0
GL,m0-4,
GM,m0-4,140.0
GN,m0-4,780.0
GQ,m0-4,89.0
GR,m0-4,
GT,m0-4,230.0
GU,m0-4,
GW,m0-4,290.0
GY,m0-4,
HK,m0-4,160.0
HN,m0-4,83.0
HR,m0-4,
HT,m0-4,630.0
HU,m0-4,
ID,m0-4,11000.0
IE,m0-4,
IL,m0-4,
IN,m0-4,65000.0
IQ,m0-4,550.0
IR,m0-4,270.0
IS,m0-4,
IT,m0-4,100.0
JM,m0-4,
JO,m0-4,
JP,m0-4,580.0
KE,m0-4,6500.0
KG,m0-4,300.0
KH,m0-4,2000.0
KI,m0-4,
KM,m0-4,
KN,m0-4,
KP,m0-4,1500.0
KR,m0-4,680.0
KW,m0-4,
KY,m0-4,
KZ,m0-4,370.0
LA,m0-4,470.0
LB,m0-4,
LC,m0-4,
LK,m0-4,420.0
LR,m0-4,590.0
LS,m0-4,650.0
LT,m0-4,47.0
LU,m0-4,
LV,m0-4,
LY,m0-4,76.0
MA,m0-4,1300.0
MC,m0-4,
MD,m0-4,110.0
ME,m0-4,
MG,m0-4,2400.0
MH,m0-4,
MK,m0-4,
ML,m0-4,360.0
MM,m0-4,6700.0
MN,m0-4,120.0
MO,m0-4,
MP,m0-4,
MR,m0-4,150.0
MS,m0-4,
MT,m0-4,
MU,m0-4,
MV,m0-4,
MW,m0-4,590.0
MX,m0-4,650.0
MY,m0-4,820.0
MZ,m0-4,7000.0
NC,m0-4,
NE,m0-4,730.0
NG,m0-4,18000.0
NI,m0-4,87.0
NL,m0-4,
NO,m0-4,
NP,m0-4,1300.0
NR,m0-4,
NU,m0-4,
NZ,m0-4,
OM,m0-4,
PA,m0-4,77.0
PE,m0-4,1400.0
PF,m0-4,
PG,m0-4,1200.0
PH,m0-4,21000.0
PK,m0-4,17000.0
PL,m0-4,180.0
PR,m0-4,
PS,m0-4,
PT,m0-4,55.0
PW,m0-4,
PY,m0-4,82.0
QA,m0-4,
RO,m0-4,320.0
RS,m0-4,41.0
RU,m0-4,540.0
RW,m0-4,280.0
SA,m0-4,100.0
SB,m0-4,
SC,m0-4,
SD,m0-4,1300.0
SE,m0-4,
SG,m0-4,73.0
SI,m0-4,
SK,m0-4,
SL,m0-4,770.0
SM,m0-4,
SN,m0-4,750.0
SO,m0-4,1700.0
SR,m0-4,
SS,m0-4,660.0
ST,m0-4,
SV,m0-4,150.0
SX,m0-4,
SY,m0-4,110.0
SZ,m0-4,250.0
TC,m0-4,
TD,m0-4,920.0
TG,m0-4,120.0
TH,m0-4,2300.0
TJ,m0-4,250.0
TK,m0-4,
TL,m0-4,240.0
TM,m0-4,82.0
TN,m0-4,110.0
TO,m0-4,
TR,m0-4,290.0
TT,m0-4,
TV,m0-4,
TZ,m0-4,2700.0
UA,m0-4,1000.0
UG,m0-4,2800.0
US,m0-4,230.0
UY,m0-4,
UZ,m0-4,760.0
VC,m0-4,
VE,m0-4,400.0
VG,m0-4,
VN,m0-4,3200.0
VU,m0-4,
WF,m0-4,
WS,m0-4,
YE,m0-4,440.0
ZA,m0-4,11000.0
ZM,m0-4,2400.0
ZW,m0-4,1700.0
,m0-4,510.0
AD,m15-24,
AE,m15-24,
AF,m15-24,6000.0
AG,m15-24,
AI,m15-24,
AL,m15-24,
AM,m15-24,
AO,m15-24,11000.0
AR,m15-24,1500.0
AS,m15-24,
AT,m15-24,
AU,m15-24,120.0
AW,m15-24,
AZ,m15-24,1000.0
BA,m15-24,
BB,m15-24,
BD,m15-24,23000.0
BE,m15-24,
BF,m15-24,1100.0
BG,m15-24,58.0
BH,m15-24,
BI,m15-24,1500.0
BJ,m15-24,730.0
BM,m15-24,
BN,m15-24,
BO,m15-24,1500.0
BQ,m15-24,
BR,m15-24,10000.0
BS,m15-24,
BT,m15-24,
BW,m15-24,650.0
BY,m15-24,91.0
BZ,m15-24,
CA,m15-24,140.0
CD,m15-24,30000.0
CF,m15-24,2300.0
CG,m15-24,1900.0
CH,m15-24,
CI,m15-24,3700.0
CK,m15-24,
CL,m15-24,170.0
CM,m15-24,4900.0
CN,m15-24,73000.0
CO,m15-24,1400.0
CR,m15-24,
CU,m15-24,
CV,m15-24,
CW,m15-24,
CY,m15-24,
CZ,m15-24,
DE,m15-24,1200.0
DJ,m15-24,
DK,m15-24,
DM,m15-24,
DO,m15-24,380.0
DZ,m15-24,3800.0
EC,m15-24,1000.0
EE,m15-24,
EG,m15-24,1100.0
ER,m15-24,260.0
ES,m15-24,210.0
ET,m15-24,27000.0
FI,m15-24,
FJ,m15-24,
FM,m15-24,
FR,m15-24,440.0
GA,m15-24,910.0
GB,m15-24,390.0
GD,m15-24,
GE,m15-24,220.0
GH,m15-24,4400.0
GL,m15-24,
GM,m15-24,540.0
GN,m15-24,2300.0
GQ,m15-24,190.0
GR,m15-24,
GT,m15-24,370.0
GU,m15-24,
GW,m15-24,780.0
GY,m15-24,
HK,m15-24,150.0
HN,m15-24,410.0
HR,m15-24,
HT,m15-24,2200.0
HU,m15-24,
ID,m15-24,64000.0
IE,m15-24,
IL,m15-24,
IN,m15-24,257000.0
IQ,m15-24,1100.0
IR,m15-24,500.0
IS,m15-24,
IT,m15-24,630.0
JM,m15-24,
JO,m15-24,
JP,m15-24,460.0
KE,m15-24,22000.0
KG,m15-24,1000.0
KH,m15-24,1800.0
KI,m15-24,
KM,m15-24,
KN,m15-24,
KP,m15-24,8100.0
KR,m15-24,1000.0
KW,m15-24,
KY,m15-24,
KZ,m15-24,900.0
LA,m15-24,610.0
LB,m15-24,
LC,m15-24,
LK,m15-24,700.0
LR,m15-24,1600.0
LS,m15-24,1600.0
LT,m15-24,38.0
LU,m15-24,
LV,m15-24,
LY,m15-24,210.0
MA,m15-24,4800.0
MC,m15-24,
MD,m15-24,150.0
ME,m15-24,
MG,m15-24,7000.0
MH,m15-24,
MK,m15-24,
ML,m15-24,1200.0
MM,m15-24,9400.0
MN,m15-24,1800.0
MO,m15-24,
MP,m15-24,
MR,m15-24,410.0
MS,m15-24,
MT,m15-24,
MU,m15-24,
MV,m15-24,
MW,m15-24,1600.0
MX,m15-24,2200.0
MY,m15-24,2000.0
MZ,m15-24,19000.0
NC,m15-24,
NE,m15-24,2400.0
NG,m15-24,45000.0
NI,m15-24,290.0
NL,m15-24,
NO,m15-24,
NP,m15-24,4300.0
NR,m15-24,
NU,m15-24,
NZ,m15-24,
OM,m15-24,
PA,m15-24,270.0
PE,m15-24,5600.0
PF,m15-24,
PG,m15-24,3100.0
PH,m15-24,74000.0
PK,m15-24,45000.0
PL,m15-24,120.0
PR,m15-24,
PS,m15-24,
PT,m15-24,89.0
PW,m15-24,
PY,m15-24,370.0
QA,m15-24,
RO,m15-24,810.0
RS,m15-24,94.0
RU,m15-24,3200.0
RW,m15-24,680.0
SA,m15-24,350.0
SB,m15-24,
SC,m15-24,
SD,m15-24,1700.0
SE,m15-24,
SG,m15-24,75.0
SI,m15-24,
SK,m15-24,
SL,m15-24,3900.0
SM,m15-24,
SN,m15-24,2200.0
SO,m15-24,3800.0
SR,m15-24,
SS,m15-24,2000.0
ST,m15-24,
SV,m15-24,960.0
SX,m15-24,
SY,m15-24,320.0
SZ,m15-24,180.0
TC,m15-24,
TD,m15-24,3100.0
TG,m15-24,260.0
TH,m15-24,6400.0
TJ,m15-24,1100.0
TK,m15-24,
TL,m15-24,650.0
TM,m15-24,220.0
TN,m15-24,230.0
TO,m15-24,
TR,m15-24,1100.0
TT,m15-24,
TV,m15-24,
TZ,m15-24,8900.0
UA,m15-24,1500.0
UG,m15-24,12000.0
US,m15-24,530.0
UY,m15-24,
UZ,m15-24,1400.0
VC,m15-24,
VE,m15-24,1800.0
VG,m15-24,
VN,m15-24,6200.0
VU,m15-24,
WF,m15-24,
WS,m15-24,
YE,m15-24,1300.0
ZA,m15-24,20000.0
ZM,m15-24,6300.0
ZW,m15-24,2200.0
,m15-24,640.0
AD,m25-34,
AE,m25-34,
AF,m25-34,5900.0
AG,m25-34,
AI,m25-34,
AL,m25-34,
AM,m25-34,
AO,m25-34,15000.0
AR,m25-34,1400.0
AS,m25-34,
AT,m25-34,
AU,m25-34,210.0
AW,m25-34,
AZ,m25-34,850.0
BA,m25-34,
BB,m25-34,
BD,m25-34,36000.0
BE,m25-34,
BF,m25-34,1400.0
BG,m25-34,130.0
BH,m25-34,
BI,m25-34,1700.0
BJ,m25-34,810.0
BM,m25-34,
BN,m25-34,
BO,m25-34,1400.0
BQ,m25-34,
BR,m25-34,14000.0
BS,m25-34,
BT,m25-34,
BW,m25-34,980.0
BY,m25-34,340.0
BZ,m25-34,
CA,m25-34,170.0
CD,m25-34,34000.0
CF,m25-34,2600.0
CG,m25-34,2300.0
CH,m25-34,
CI,m25-34,4500.0
CK,m25-34,
CL,m25-34,340.0
CM,m25-34,6600.0
CN,m25-34,73000.0
CO,m25-34,2000.0
CR,m25-34,
CU,m25-34,
CV,m25-34,
CW,m25-34,
CY,m25-34,
CZ,m25-34,
DE,m25-34,840.0
DJ,m25-34,
DK,m25-34,
DM,m25-34,
DO,m25-34,750.0
DZ,m25-34,3900.0
EC,m25-34,1200.0
EE,m25-34,
EG,m25-34,1700.0
ER,m25-34,320.0
ES,m25-34,380.0
ET,m25-34,19000.0
FI,m25-34,
FJ,m25-34,
FM,m25-34,
FR,m25-34,680.0
GA,m25-34,1300.0
GB,m25-34,720.0
GD,m25-34,
GE,m25-34,370.0
GH,m25-34,5200.0
GL,m25-34,
GM,m25-34,500.0
GN,m25-34,3100.0
GQ,m25-34,350.0
GR,m25-34,
GT,m25-34,450.0
GU,m25-34,
GW,m25-34,940.0
GY,m25-34,
HK,m25-34,160.0
HN,m25-34,410.0
HR,m25-34,
HT,m25-34,2800.0
HU,m25-34,
ID,m25-34,86000.0
IE,m25-34,
IL,m25-34,
IN,m25-34,310000.0
IQ,m25-34,1400.0
IR,m25-34,1000.0
IS,m25-34,
IT,m25-34,580.0
JM,m25-34,
JO,m25-34,
JP,m25-34,620.0
KE,m25-34,29000.0
KG,m25-34,840.0
KH,m25-34,4500.0
KI,m25-34,
KM,m25-34,
KN,m25-34,
KP,m25-34,14000.0
KR,m25-34,1600.0
KW,m25-34,
KY,m25-34,
KZ,m25-34,1400.0
LA,m25-34,1200.0
LB,m25-34,
LC,m25-34,
LK,m25-34,1200.0
LR,m25-34,1800.0
LS,m25-34,2200.0
LT,m25-34,110.0
LU,m25-34,
LV,m25-34,
LY,m25-34,320.0
MA,m25-34,5300.0
MC,m25-34,
MD,m25-34,510.0
ME,m25-34,
MG,m25-34,7200.0
MH,m25-34,
MK,m25-34,
ML,m25-34,1500.0
MM,m25-34,21000.0
MN,m25-34,1800.0
MO,m25-34,
MP,m25-34,
MR,m25-34,540.0
MS,m25-34,
MT,m25-34,
MU,m25-34,
MV,m25-34,
MW,m25-34,3600.0
MX,m25-34,3000.0
MY,m25-34,2900.0
MZ,m25-34,21000.0
NC,m25-34,
NE,m25-34,2200.0
NG,m25-34,58000.0
NI,m25-34,350.0
NL,m25-34,
NO,m25-34,
NP,m25-34,4000.0
NR,m25-34,
NU,m25-34,
NZ,m25-34,
OM,m25-34,
PA,m25-34,330.0
PE,m25-34,5000.0
PF,m25-34,
PG,m25-34,3900.0
PH,m25-34,69000.0
PK,m25-34,41000.0
PL,m25-34,350.0
PR,m25-34,
PS,m25-34,
PT,m25-34,140.0
PW,m25-34,
PY,m25-34,510.0
QA,m25-34,
RO,m25-34,1100.0
RS,m25-34,92.0
RU,m25-34,15000.0
RW,m25-34,1100.0
SA,m25-34,650.0
SB,m25-34,
SC,m25-34,
SD,m25-34,3900.0
SE,m25-34,
SG,m25-34,190.0
SI,m25-34,
SK,m25-34,
SL,m25-34,2500.0
SM,m25-34,
SN,m25-34,2600.0
SO,m25-34,3600.0
SR,m25-34,
SS,m25-34,2400.0
ST,m25-34,
SV,m25-34,1300.0
SX,m25-34,
SY,m25-34,490.0
SZ,m25-34,620.0
TC,m25-34,
TD,m25-34,3300.0
TG,m25-34,430.0
TH,m25-34,9300.0
TJ,m25-34,970.0
TK,m25-34,
TL,m25-34,670.0
TM,m25-34,320.0
TN,m25-34,400.0
TO,m25-34,
TR,m25-34,1000.0
TT,m25-34,
TV,m25-34,
TZ,m25-34,27000.0
UA,m25-34,5100.0
UG,m25-34,16000.0
US,m25-34,920.0
UY,m25-34,
UZ,m25-34,2400.0
VC,m25-34,
VE,m25-34,2200.0
VG,m25-34,
VN,m25-34,13000.0
VU,m25-34,
WF,m25-34,
WS,m25-34,
YE,m25-34,1400.0
ZA,m25-34,41000.0
ZM,m25-34,9500.0
ZW,m25-34,5000.0
,m25-34,1600.0
AD,m35-44,
AE,m35-44,
AF,m35-44,5200.0
AG,m35-44,
AI,m35-44,
AL,m35-44,
AM,m35-44,
AO,m35-44,14000.0
AR,m35-44,1000.0
AS,m35-44,
AT,m35-44,
AU,m35-44,130.0
AW,m35-44,
AZ,m35-44,530.0
BA,m35-44,
BB,m35-44,
BD,m35-44,43000.0
BE,m35-44,
BF,m35-44,1200.0
BG,m35-44,220.0
BH,m35-44,
BI,m35-44,1400.0
BJ,m35-44,730.0
BM,m35-44,
BN,m35-44,
BO,m35-44,1100.0
BQ,m35-44,
BR,m35-44,11000.0
BS,m35-44,
BT,m35-44,
BW,m35-44,940.0
BY,m35-44,550.0
BZ,m35-44,
CA,m35-44,140.0
CD,m35-44,29000.0
CF,m35-44,2200.0
CG,m35-44,2600.0
CH,m35-44,
CI,m35-44,4500.0
CK,m35-44,
CL,m35-44,290.0
CM,m35-44,5700.0
CN,m35-44,63000.0
CO,m35-44,1300.0
CR,m35-44,
CU,m35-44,
CV,m35-44,
CW,m35-44,
CY,m35-44,
CZ,m35-44,
DE,m35-44,460.0
DJ,m35-44,
DK,m35-44,
DM,m35-44,
DO,m35-44,630.0
DZ,m35-44,2800.0
EC,m35-44,740.0
EE,m35-44,
EG,m35-44,1400.0
ER,m35-44,270.0
ES,m35-44,510.0
ET,m35-44,14000.0
FI,m35-44,
FJ,m35-44,
FM,m35-44,
FR,m35-44,560.0
GA,m35-44,1500.0
GB,m35-44,670.0
GD,m35-44,
GE,m35-44,400.0
GH,m35-44,5100.0
GL,m35-44,
GM,m35-44,590.0
GN,m35-44,2500.0
GQ,m35-44,320.0
GR,m35-44,
GT,m35-44,360.0
GU,m35-44,
GW,m35-44,870.0
GY,m35-44,
HK,m35-44,170.0
HN,m35-44,280.0
HR,m35-44,
HT,m35-44,1800.0
HU,m35-44,
ID,m35-44,86000.0
IE,m35-44,
IL,m35-44,
IN,m35-44,320000.0
IQ,m35-44,1200.0
IR,m35-44,980.0
IS,m35-44,
IT,m35-44,400.0
JM,m35-44,
JO,m35-44,
JP,m35-44,590.0
KE,m35-44,20000.0
KG,m35-44,760.0
KH,m35-44,5000.0
KI,m35-44,
KM,m35-44,
KN,m35-44,
KP,m35-44,19000.0
KR,m35-44,2100.0
KW,m35-44,
KY,m35-44,
KZ,m35-44,1500.0
LA,m35-44,1300.0
LB,m35-44,
LC,m35-44,
LK,m35-44,1400.0
LR,m35-44,1900.0
LS,m35-44,1800.0
LT,m35-44,210.0
LU,m35-44,
LV,m35-44,
LY,m35-44,300.0
MA,m35-44,3200.0
MC,m35-44,
MD,m35-44,650.0
ME,m35-44,
MG,m35-44,7400.0
MH,m35-44,
MK,m35-44,
ML,m35-44,1300.0
MM,m35-44,25000.0
MN,m35-44,1300.0
MO,m35-44,
MP,m35-44,
MR,m35-44,480.0
MS,m35-44,
MT,m35-44,
MU,m35-44,
MV,m35-44,
MW,m35-44,3600.0
MX,m35-44,3100.0
MY,m35-44,2900.0
MZ,m35-44,20000.0
NC,m35-44,
NE,m35-44,2300.0
NG,m35-44,55000.0
NI,m35-44,290.0
NL,m35-44,
NO,m35-44,
NP,m35-44,5000.0
NR,m35-44,
NU,m35-44,
NZ,m35-44,
OM,m35-44,
PA,m35-44,270.0
PE,m35-44,3100.0
PF,m35-44,
PG,m35-44,3900.0
PH,m35-44,66000.0
PK,m35-44,46000.0
PL,m35-44,680.0
PR,m35-44,
PS,m35-44,
PT,m35-44,200.0
PW,m35-44,
PY,m35-44,320.0
QA,m35-44,
RO,m35-44,1700.0
RS,m35-44,97.0
RU,m35-44,19000.0
RW,m35-44,970.0
SA,m35-44,420.0
SB,m35-44,
SC,m35-44,
SD,m35-44,3200.0
SE,m35-44,
SG,m35-44,180.0
SI,m35-44,
SK,m35-44,
SL,m35-44,2300.0
SM,m35-44,
SN,m35-44,2300.0
SO,m35-44,4200.0
SR,m35-44,
SS,m35-44,2200.0
ST,m35-44,
SV,m35-44,480.0
SX,m35-44,
SY,m35-44,350.0
SZ,m35-44,550.0
TC,m35-44,
TD,m35-44,2400.0
TG,m35-44,430.0
TH,m35-44,12000.0
TJ,m35-44,530.0
TK,m35-44,
TL,m35-44,540.0
TM,m35-44,290.0
TN,m35-44,330.0
TO,m35-44,
TR,m35-44,1100.0
TT,m35-44,
TV,m35-44,
TZ,m35-44,26000.0
UA,m35-44,6600.0
UG,m35-44,13000.0
US,m35-44,770.0
UY,m35-44,
UZ,m35-44,2200.0
VC,m35-44,
VE,m35-44,1200.0
VG,m35-44,
VN,m35-44,14000.0
VU,m35-44,
WF,m35-44,
WS,m35-44,
YE,m35-44,1000.0
ZA,m35-44,42000.0
ZM,m35-44,8700.0
ZW,m35-44,5400.0
,m35-44,1500.0
AD,m45-54,
AE,m45-54,
AF,m45-54,4100.0
AG,m45-54,
AI,m45-54,
AL,m45-54,
AM,m45-54,
AO,m45-54,8400.0
AR,m45-54,830.0
AS,m45-54,
AT,m45-54,
AU,m45-54,79.0
AW,m45-54,
AZ,m45-54,660.0
BA,m45-54,
BB,m45-54,
BD,m45-54,35000.0
BE,m45-54,
BF,m45-54,730.0
BG,m45-54,230.0
BH,m45-54,
BI,m45-54,950.0
BJ,m45-54,580.0
BM,m45-54,
BN,m45-54,
BO,m45-54,940.0
BQ,m45-54,
BR,m45-54,9000.0
BS,m45-54,
BT,m45-54,
BW,m45-54,510.0
BY,m45-54,580.0
BZ,m45-54,
CA,m45-54,130.0
CD,m45-54,21000.0
CF,m45-54,1400.0
CG,m45-54,1700.0
CH,m45-54,
CI,m45-54,2900.0
CK,m45-54,
CL,m45-54,330.0
CM,m45-54,3400.0
CN,m45-54,108000.0
CO,m45-54,1300.0
CR,m45-54,
CU,m45-54,
CV,m45-54,
CW,m45-54,
CY,m45-54,
CZ,m45-54,
DE,m45-54,420.0
DJ,m45-54,
DK,m45-54,
DM,m45-54,
DO,m45-54,480.0
DZ,m45-54,1800.0
EC,m45-54,610.0
EE,m45-54,
EG,m45-54,1100.0
ER,m45-54,280.0
ES,m45-54,550.0
ET,m45-54,11000.0
FI,m45-54,
FJ,m45-54,
FM,m45-54,
FR,m45-54,440.0
GA,m45-54,950.0
GB,m45-54,500.0
GD,m45-54,
GE,m45-54,380.0
GH,m45-54,4100.0
GL,m45-54,
GM,m45-54,350.0
GN,m45-54,1800.0
GQ,m45-54,190.0
GR,m45-54,
GT,m45-54,280.0
GU,m45-54,
GW,m45-54,520.0
GY,m45-54,
HK,m45-54,330.0
HN,m45-54,260.0
HR,m45-54,
HT,m45-54,1400.0
HU,m45-54,
ID,m45-54,91000.0
IE,m45-54,
IL,m45-54,
IN,m45-54,299000.0
IQ,m45-54,1100.0
IR,m45-54,690.0
IS,m45-54,
IT,m45-54,320.0
JM,m45-54,
JO,m45-54,
JP,m45-54,880.0
KE,m45-54,12000.0
KG,m45-54,720.0
KH,m45-54,5000.0
KI,m45-54,
KM,m45-54,
KN,m45-54,
KP,m45-54,18000.0
KR,m45-54,3300.0
KW,m45-54,
KY,m45-54,
KZ,m45-54,1300.0
LA,m45-54,1200.0
LB,m45-54,
LC,m45-54,
LK,m45-54,1500.0
LR,m45-54,1200.0
LS,m45-54,890.0
LT,m45-54,240.0
LU,m45-54,
LV,m45-54,
LY,m45-54,220.0
MA,m45-54,2300.0
MC,m45-54,
MD,m45-54,640.0
ME,m45-54,
MG,m45-54,5200.0
MH,m45-54,
MK,m45-54,
ML,m45-54,750.0
MM,m45-54,23000.0
MN,m45-54,1100.0
MO,m45-54,
MP,m45-54,
MR,m45-54,360.0
MS,m45-54,
MT,m45-54,
MU,m45-54,
MV,m45-54,
MW,m45-54,1500.0
MX,m45-54,3200.0
MY,m45-54,3200.0
MZ,m45-54,11000.0
NC,m45-54,
NE,m45-54,1600.0
NG,m45-54,37000.0
NI,m45-54,230.0
NL,m45-54,
NO,m45-54,
NP,m45-54,4500.0
NR,m45-54,
NU,m45-54,
NZ,m45-54,
OM,m45-54,
PA,m45-54,210.0
PE,m45-54,2200.0
PF,m45-54,
PG,m45-54,3500.0
PH,m45-54,73000.0
PK,m45-54,41000.0
PL,m45-54,910.0
PR,m45-54,
PS,m45-54,
PT,m45-54,230.0
PW,m45-54,
PY,m45-54,240.0
QA,m45-54,
RO,m45-54,2100.0
RS,m45-54,150.0
RU,m45-54,11000.0
RW,m45-54,570.0
SA,m45-54,300.0
SB,m45-54,
SC,m45-54,
SD,m45-54,2700.0
SE,m45-54,
SG,m45-54,280.0
SI,m45-54,
SK,m45-54,
SL,m45-54,1600.0
SM,m45-54,
SN,m45-54,1500.0
SO,m45-54,3200.0
SR,m45-54,
SS,m45-54,1600.0
ST,m45-54,
SV,m45-54,220.0
SX,m45-54,
SY,m45-54,260.0
SZ,m45-54,290.0
TC,m45-54,
TD,m45-54,1700.0
TG,m45-54,330.0
TH,m45-54,14000.0
TJ,m45-54,420.0
TK,m45-54,
TL,m45-54,610.0
TM,m45-54,240.0
TN,m45-54,290.0
TO,m45-54,
TR,m45-54,1100.0
TT,m45-54,
TV,m45-54,
TZ,m45-54,14000.0
UA,m45-54,5000.0
UG,m45-54,7700.0
US,m45-54,850.0
UY,m45-54,
UZ,m45-54,2100.0
VC,m45-54,
VE,m45-54,970.0
VG,m45-54,
VN,m45-54,18000.0
VU,m45-54,
WF,m45-54,
WS,m45-54,
YE,m45-54,930.0
ZA,m45-54,30000.0
ZM,m45-54,4500.0
ZW,m45-54,2700.0
,m45-54,840.0
AD,m5-14,
AE,m5-14,
AF,m5-14,1700.0
AG,m5-14,
AI,m5-14,
AL,m5-14,
AM,m5-14,
AO,m5-14,2300.0
AR,m5-14,340.0
AS,m5-14,
AT,m5-14,
AU,m5-14,29.0
AW,m5-14,
AZ,m5-14,170.0
BA,m5-14,
BB,m5-14,
BD,m5-14,8400.0
BE,m5-14,
BF,m5-14,230.0
BG,m5-14,40.0
BH,m5-14,
BI,m5-14,310.0
BJ,m5-14,180.0
BM,m5-14,
BN,m5-14,
BO,m5-14,310.0
BQ,m5-14,
BR,m5-14,3200.0
BS,m5-14,
BT,m5-14,
BW,m5-14,200.0
BY,m5-14,91.0
BZ,m5-14,
CA,m5-14,37.0
CD,m5-14,6900.0
CF,m5-14,590.0
CG,m5-14,580.0
CH,m5-14,
CI,m5-14,930.0
CK,m5-14,
CL,m5-14,75.0
CM,m5-14,1300.0
CN,m5-14,22000.0
CO,m5-14,430.0
CR,m5-14,
CU,m5-14,
CV,m5-14,
CW,m5-14,
CY,m5-14,
CZ,m5-14,
DE,m5-14,110.0
DJ,m5-14,
DK,m5-14,
DM,m5-14,
DO,m5-14,160.0
DZ,m5-14,850.0
EC,m5-14,190.0
EE,m5-14,
EG,m5-14,300.0
ER,m5-14,130.0
ES,m5-14,96.0
ET,m5-14,4500.0
FI,m5-14,
FJ,m5-14,
FM,m5-14,
FR,m5-14,140.0
GA,m5-14,320.0
GB,m5-14,150.0
GD,m5-14,
GE,m5-14,83.0
GH,m5-14,480.0
GL,m5-14,
GM,m5-14,93.0
GN,m5-14,540.0
GQ,m5-14,59.0
GR,m5-14,
GT,m5-14,260.0
GU,m5-14,
GW,m5-14,200.0
GY,m5-14,
HK,m5-14,120.0
HN,m5-14,150.0
HR,m5-14,
HT,m5-14,490.0
HU,m5-14,
ID,m5-14,15000.0
IE,m5-14,
IL,m5-14,
IN,m5-14,53000.0
IQ,m5-14,410.0
IR,m5-14,390.0
IS,m5-14,
IT,m5-14,85.0
JM,m5-14,
JO,m5-14,
JP,m5-14,430.0
KE,m5-14,4500.0
KG,m5-14,190.0
KH,m5-14,1500.0
KI,m5-14,
KM,m5-14,
KN,m5-14,
KP,m5-14,6900.0
KR,m5-14,590.0
KW,m5-14,
KY,m5-14,
KZ,m5-14,260.0
LA,m5-14,340.0
LB,m5-14,
LC,m5-14,
LK,m5-14,320.0
LR,m5-14,410.0
LS,m5-14,490.0
LT,m5-14,36.0
LU,m5-14,
LV,m5-14,
LY,m5-14,59.0
MA,m5-14,920.0
MC,m5-14,
MD,m5-14,84.0
ME,m5-14,
MG,m5-14,1700.0
MH,m5-14,
MK,m5-14,
ML,m5-14,220.0
MM,m5-14,5500.0
MN,m5-14,230.0
MO,m5-14,
MP,m5-14,
MR,m5-14,100.0
MS,m5-14,
MT,m5-14,
MU,m5-14,
MV,m5-14,
MW,m5-14,400.0
MX,m5-14,840.0
MY,m5-14,990.0
MZ,m5-14,4900.0
NC,m5-14,
NE,m5-14,450.0
NG,m5-14,12000.0
NI,m5-14,70.0
NL,m5-14,
NO,m5-14,
NP,m5-14,1200.0
NR,m5-14,
NU,m5-14,
NZ,m5-14,
OM,m5-14,
PA,m5-14,61.0
PE,m5-14,1100.0
PF,m5-14,
PG,m5-14,870.0
PH,m5-14,17000.0
PK,m5-14,13000.0
PL,m5-14,140.0
PR,m5-14,
PS,m5-14,
PT,m5-14,41.0
PW,m5-14,
PY,m5-14,84.0
QA,m5-14,
RO,m5-14,500.0
RS,m5-14,38.0
RU,m5-14,660.0
RW,m5-14,190.0
SA,m5-14,77.0
SB,m5-14,
SC,m5-14,
SD,m5-14,970.0
SE,m5-14,
SG,m5-14,62.0
SI,m5-14,
SK,m5-14,
SL,m5-14,550.0
SM,m5-14,
SN,m5-14,510.0
SO,m5-14,1100.0
SR,m5-14,
SS,m5-14,450.0
ST,m5-14,
SV,m5-14,130.0
SX,m5-14,
SY,m5-14,88.0
SZ,m5-14,160.0
TC,m5-14,
TD,m5-14,600.0
TG,m5-14,81.0
TH,m5-14,2100.0
TJ,m5-14,190.0
TK,m5-14,
TL,m5-14,180.0
TM,m5-14,65.0
TN,m5-14,81.0
TO,m5-14,
TR,m5-14,470.0
TT,m5-14,
TV,m5-14,
TZ,m5-14,1800.0
UA,m5-14,710.0
UG,m5-14,1900.0
US,m5-14,210.0
UY,m5-14,
UZ,m5-14,580.0
VC,m5-14,
VE,m5-14,530.0
VG,m5-14,
VN,m5-14,5300.0
VU,m5-14,
WF,m5-14,
WS,m5-14,
YE,m5-14,330.0
ZA,m5-14,8600.0
ZM,m5-14,1600.0
ZW,m5-14,1200.0
,m5-14,410.0
AD,m55-64,
AE,m55-64,
AF,m55-64,3700.0
AG,m55-64,
AI,m55-64,
AL,m55-64,
AM,m55-64,
AO,m55-64,7100.0
AR,m55-64,750.0
AS,m55-64,
AT,m55-64,
AU,m55-64,95.0
AW,m55-64,
AZ,m55-64,520.0
BA,m55-64,
BB,m55-64,
BD,m55-64,33000.0
BE,m55-64,
BF,m55-64,450.0
BG,m55-64,200.0
BH,m55-64,
BI,m55-64,800.0
BJ,m55-64,380.0
BM,m55-64,
BN,m55-64,
BO,m55-64,870.0
BQ,m55-64,
BR,m55-64,7000.0
BS,m55-64,
BT,m55-64,
BW,m55-64,400.0
BY,m55-64,470.0
BZ,m55-64,
CA,m55-64,140.0
CD,m55-64,16000.0
CF,m55-64,1200.0
CG,m55-64,1200.0
CH,m55-64,
CI,m55-64,2500.0
CK,m55-64,
CL,m55-64,340.0
CM,m55-64,2700.0
CN,m55-64,101000.0
CO,m55-64,1400.0
CR,m55-64,
CU,m55-64,
CV,m55-64,
CW,m55-64,
CY,m55-64,
CZ,m55-64,
DE,m55-64,360.0
DJ,m55-64,
DK,m55-64,
DM,m55-64,
DO,m55-64,290.0
DZ,m55-64,1300.0
EC,m55-64,430.0
EE,m55-64,
EG,m55-64,950.0
ER,m55-64,210.0
ES,m55-64,370.0
ET,m55-64,7100.0
FI,m55-64,
FJ,m55-64,
FM,m55-64,
FR,m55-64,370.0
GA,m55-64,540.0
GB,m55-64,360.0
GD,m55-64,
GE,m55-64,340.0
GH,m55-64,3000.0
GL,m55-64,
GM,m55-64,230.0
GN,m55-64,1300.0
GQ,m55-64,120.0
GR,m55-64,
GT,m55-64,230.0
GU,m55-64,
GW,m55-64,380.0
GY,m55-64,
HK,m55-64,570.0
HN,m55-64,230.0
HR,m55-64,
HT,m55-64,960.0
HU,m55-64,
ID,m55-64,82000.0
IE,m55-64,
IL,m55-64,
IN,m55-64,253000.0
IQ,m55-64,920.0
IR,m55-64,760.0
IS,m55-64,
IT,m55-64,230.0
JM,m55-64,
JO,m55-64,
JP,m55-64,1000.0
KE,m55-64,7100.0
KG,m55-64,620.0
KH,m55-64,5000.0
KI,m55-64,
KM,m55-64,
KN,m55-64,
KP,m55-64,10000.0
KR,m55-64,4300.0
KW,m55-64,
KY,m55-64,
KZ,m55-64,900.0
LA,m55-64,1200.0
LB,m55-64,
LC,m55-64,
LK,m55-64,1500.0
LR,m55-64,830.0
LS,m55-64,720.0
LT,m55-64,200.0
LU,m55-64,
LV,m55-64,
LY,m55-64,120.0
MA,m55-64,1900.0
MC,m55-64,
MD,m55-64,450.0
ME,m55-64,
MG,m55-64,4000.0
MH,m55-64,
MK,m55-64,
ML,m55-64,530.0
MM,m55-64,17000.0
MN,m55-64,710.0
MO,m55-64,
MP,m55-64,
MR,m55-64,330.0
MS,m55-64,
MT,m55-64,
MU,m55-64,
MV,m55-64,
MW,m55-64,1100.0
MX,m55-64,2400.0
MY,m55-64,2800.0
MZ,m55-64,9900.0
NC,m55-64,
NE,m55-64,1400.0
NG,m55-64,25000.0
NI,m55-64,180.0
NL,m55-64,
NO,m55-64,
NP,m55-64,3600.0
NR,m55-64,
NU,m55-64,
NZ,m55-64,
OM,m55-64,
PA,m55-64,140.0
PE,m55-64,1800.0
PF,m55-64,
PG,m55-64,3200.0
PH,m55-64,49000.0
PK,m55-64,32000.0
PL,m55-64,1100.0
PR,m55-64,
PS,m55-64,
PT,m55-64,220.0
PW,m55-64,
PY,m55-64,220.0
QA,m55-64,
RO,m55-64,1700.0
RS,m55-64,180.0
RU,m55-64,7900.0
RW,m55-64,520.0
SA,m55-64,220.0
SB,m55-64,
SC,m55-64,
SD,m55-64,1800.0
SE,m55-64,
SG,m55-64,340.0
SI,m55-64,
SK,m55-64,
SL,m55-64,1000.0
SM,m55-64,
SN,m55-64,1100.0
SO,m55-64,2400.0
SR,m55-64,
SS,m55-64,1000.0
ST,m55-64,
SV,m55-64,140.0
SX,m55-64,
SY,m55-64,200.0
SZ,m55-64,200.0
TC,m55-64,
TD,m55-64,1300.0
TG,m55-64,250.0
TH,m55-64,12000.0
TJ,m55-64,380.0
TK,m55-64,
TL,m55-64,470.0
TM,m55-64,170.0
TN,m55-64,260.0
TO,m55-64,
TR,m55-64,1200.0
TT,m55-64,
TV,m55-64,
TZ,m55-64,12000.0
UA,m55-64,3400.0
UG,m55-64,4600.0
US,m55-64,1000.0
UY,m55-64,
UZ,m55-64,1800.0
VC,m55-64,
VE,m55-64,850.0
VG,m55-64,
VN,m55-64,15000.0
VU,m55-64,
WF,m55-64,
WS,m55-64,
YE,m55-64,640.0
ZA,m55-64,20000.0
ZM,m55-64,2500.0
ZW,m55-64,1600.0
,m55-64,440.0
